小学,中学
华南师范大学附属小学,华南师范大学附属中学
广州市协和小学,广东实验中学
越秀区旧部前小学,广州市第二中学
越秀区朝天小学,广东广雅中学
越秀区小北路小学,广州市执信中学
越秀区东风西路小学,广州大学附属中学
越秀区桂花岗小学,广州市铁一中学
越秀区培正小学,广州中学
越秀区文德路小学,广东仲元中学
越秀区东风东路小学,广州市增城区高级中学
越秀区东风东路小学,广州市铁一中学
越秀区文德路小学,广州大学附属中学
越秀区东山培正小学,广东实验中学
越秀区农林下路小学,华南师范大学附属中学
越秀区小北路小学,广东广雅中学
越秀区朝天小学,广州市执信中学
越秀区中星小学,广州中学
越秀区黄花小学,广东仲元中学
越秀区东川路小学,广州市增城区高级中学
越秀区旧部前小学,广州市第二中学
越秀区育才学校,广州市培正中学
越秀区水荫路小学,真光中学
越秀区华侨外国语小学,广外外校
越秀区铁一小学,广铁一中
越秀区署前路小学,广州市第十六中学
越秀区雅荷塘小学,黄冈广州学校
越秀区建设六马路小学,省实天河
越秀区建设大马路小学,天河外国语学校
越秀区环市路小学,仲元中学
越秀区中山二路小学,广州市第七中学
越秀区东风西路小学,广州市第五中学
越秀区清水濠小学,南武中学
天河区华师附小,天河外国语学校
天河区华阳小学,广州中学
天河区华景小学,仲元中学
天河区龙口西小学,广州市第七中学
天河区骏景小学,广州市第十六中学
天河区华康小学,黄冈广州学校
天河区体育东路小学,省实天河
天河区陶育路小学,天河中学
天河区华工附小,玉岩中学
天河区暨大附小,增城中学
天河区华农附小,中大附中
天河区体育西路小学,华附南海
天河区龙洞小学,番禺中学
天河区先烈东小学,广州市培正中学
天河区华成小学,真光中学
海珠区实验小学,广州市第五中学
海珠区同福中路第一小学,广州市培正中学
海珠区宝玉直街小学,真光中学
海珠区菩提路小学,广外外校
海珠区万松园小学,秀全中学
海珠区江南新村二小,天河中学
海珠区昌岗中路小学,玉岩中学
海珠区赤岗小学,南武中学
海珠区滨江东路一小,增城中学
海珠区滨江东路二小,中大附中
海珠区昌岗东路小学,华附南海
海珠区客村小学,番禺中学
荔湾区乐贤坊小学,广州市第四中学
荔湾区沙面小学,广州市西关外国语学校
荔湾区协和小学,广州市西关培英中学
荔湾区环市西路小学,广州市荔湾区康有为纪念小学
荔湾区康有为纪念小学,广州市荔湾区芳村小学
荔湾区芳村小学,广州市荔湾区华侨小学
荔湾区华侨小学,广州市荔湾区环翠园小学
白云区民航子弟学校,广州市白云区华师附中实验学校
白云区景泰小学,广州市白云区培英中学
白云区黄边小学,广州市白云区广外附设外语学校
白云区棠景小学,广州市白云区六中珠江学校
白云区方圆实验小学,广州市白云区广雅实验学校
白云区汇侨第一小学,广州市白云区华美英语实验学校
白云区棠溪小学,广州市白云区桃园中学
番禺区中心小学,广州市番禺区象贤中学
番禺区东城小学,广州市番禺区禺山高级中学
番禺区南阳里小学,广州市番禺区实验中学
番禺区德兴小学,广州市番禺区洛溪新城中学
番禺区北城小学,广州市番禺区石楼中学
黄埔区怡园小学,广州市黄埔区怡园中学
黄埔区荔园小学,广州市黄埔区荔园学校
黄埔区港湾小学,广州市黄埔区港湾中学
越秀区文德路小学,广州市第二中学
越秀区东山培正小学,广东广雅中学
越秀区旧部前小学,广州市执信中学
越秀区朝天小学,广州大学附属中学
越秀区东风东路小学,广州市铁一中学
越秀区小北路小学,广州中学
越秀区中星小学,广东仲元中学
越秀区东风西路小学,广州市增城区高级中学
越秀区黄花小学,广州市第二中学
越秀区桂花岗小学,广东广雅中学
越秀区铁一小学,广州市铁一中学
越秀区清水濠小学,广州大学附属中学
越秀区东川路小学,广东实验中学
越秀区先烈中路小学,华南师范大学附属中学
越秀区育才学校,广州市执信中学
越秀区农林下路小学,广州中学
越秀区署前路小学,广东仲元中学
越秀区东山实验小学,广州市增城区高级中学
越秀区云山小学,广州市第二中学
越秀区登峰小学,广东广雅中学
,广州市增城区高级中学
,广州中学
,广东仲元中学
,广州市铁一中学
,广州大学附属中学
,广州市第二中学
,广州市执信中学
,广东广雅中学
,广东实验中学
,华南师范大学附属中学
,广铁一中
,广州市第六中学
,广州外国语学校
,天河外国语学校
,广州中学
,仲元中学
,广州市第七中学
,广州市第十六中学
,黄冈广州学校
,省实天河
,广州市第五中学
,广州市培正中学
,真光中学
,广外外校
,秀全中学
,天河中学
,玉岩中学
,南武中学
,增城中学
,中大附中
,华附南海
,番禺中学